{
  "hit": {
    "totalcmd": 409,
    "todaycmd": 352,
    "menu": 49,
    "allmenu": 12,
    "get": 3,
    "addowner": 1,
    "tourl": 2,
    "listusr": 1,
    "nulis": 1,
    "nuliskanan": 1,
    "nuliskiri": 3,
    "play": 32,
    "npm": 5,
    "sc": 17,
    "donasi": 3,
    "botmenu": 1,
    "ping": 9,
    "runtime": 1,
    "fast": 1,
    "searchmenu": 1,
    "pinterest": 1,
    "hd": 6,
    "downloadmenu": 2,
    "ytmp3": 7,
    "ytmp4": 12,
    "quotesmenu": 1,
    "quotes": 1,
    "toolsmenu": 1,
    "brat": 38,
    "bratvid": 2,
    "qc": 1,
    "aimenu": 2,
    "panelmenu": 2,
    "animemenu": 1,
    "waifu": 1,
    "gamemenu": 2,
    "neko": 1,
    "funmenu": 2,
    "cekmati": 1,
    "cuaca": 1,
    "ssweb": 1,
    "speed": 1,
    "ai": 1,
    "owner": 3,
    "groupmenu": 1,
    "group": 17,
    "join": 1,
    "tt": 37,
    "bot": 20,
    "addsewa": 3,
    "afk": 2,
    "coba": 2,
    "ownermenu": 3,
    "sewa": 1,
    "delsewa": 1,
    "s": 24,
    "hidetag": 4,
    "remini": 1,
    "tebakbom": 3,
    "cek": 2,
    "claim": 3,
    "totalfitur": 1,
    "unli": 5,
    "listsewa": 1,
    "stiker": 3,
    "swm": 4,
    "jadibot": 1,
    "susunkata": 3,
    "tebakkata": 4,
    "totag": 1,
    "smeme": 4,
    "inspect": 5,
    "kick": 2,
    "ttaudio": 1,
    "tiktok": 1,
    "tomp3": 1,
    "backup": 5,
    "script": 2,
    "toimg": 2,
    "instagram": 1,
    "request": 1,
    "off": 1,
    "profile": 1
  },
  "set": {
    "6281949653378@s.whatsapp.net": {
      "lang": "id",
      "limit": 0,
      "money": 0,
      "status": 0,
      "join": true,
      "public": true,
      "anticall": true,
      "original": true,
      "readsw": false,
      "autobio": false,
      "autoread": true,
      "antispam": false,
      "autotyping": true,
      "grouponly": true,
      "multiprefix": false,
      "privateonly": true,
      "author": "Nazedev",
      "autobackup": false,
      "botname": "Hitori Bot",
      "packname": "Bot WhatsApp",
      "template": "documentMessage",
      "owner": [
        {
          "id": "6282113821188",
          "lock": true
        },
        {
          "id": "6285134481895",
          "lock": false
        }
      ]
    },
    "6281325600199@s.whatsapp.net": {
      "lang": "id",
      "limit": 0,
      "money": 0,
      "status": 0,
      "join": true,
      "public": true,
      "anticall": true,
      "original": true,
      "readsw": false,
      "autobio": false,
      "autoread": true,
      "antispam": false,
      "autotyping": true,
      "grouponly": true,
      "multiprefix": false,
      "privateonly": true,
      "author": "𝙰𝚕𝚢𝚊-𝙲𝚑𝚊𝚗",
      "autobackup": false,
      "botname": "𝙰𝚕𝚢𝚊 𝙾𝚗𝚎",
      "packname": "𝙰𝚕𝚢𝚊 𝚆𝚑𝚊𝚝𝚜𝚊𝚙𝚙",
      "template": "documentMessage",
      "owner": [
        {
          "id": "6285134481895",
          "lock": true
        }
      ]
    },
    "639637430146@s.whatsapp.net": {
      "lang": "id",
      "limit": 0,
      "money": 0,
      "status": 0,
      "join": true,
      "public": true,
      "anticall": false,
      "original": true,
      "readsw": false,
      "autobio": false,
      "autoread": true,
      "antispam": true,
      "autotyping": true,
      "grouponly": true,
      "multiprefix": true,
      "privateonly": false,
      "author": "Alya Chan",
      "autobackup": true,
      "botname": "Alya Kawai",
      "packname": "Alya Kojou",
      "template": "documentMessage",
      "owner": [
        {
          "id": "6282340319193",
          "lock": true
        }
      ]
    }
  },
  "cmd": {},
  "store": {},
  "users": {
    "6281328434787@s.whatsapp.net": {
      "vip": false,
      "ban": false,
      "afkTime": -1,
      "afkReason": "",
      "register": false,
      "limit": 20,
      "money": 10000,
      "lastclaim": 1754312096899,
      "lastbegal": 1754312096899,
      "lastrampok": 1754312096899
    },
    "6281949653378@s.whatsapp.net": {
      "vip": false,
      "ban": false,
      "afkTime": -1,
      "afkReason": "",
      "register": false,
      "limit": 20,
      "money": 10000,
      "lastclaim": 1754312097348,
      "lastbegal": 1754312097348,
      "lastrampok": 1754312097348
    },
    "6281295468108@s.whatsapp.net": {
      "vip": false,
      "ban": false,
      "afkTime": -1,
      "afkReason": "",
      "register": false,
      "limit": 20,
      "money": 10000,
      "lastclaim": 1754312097494,
      "lastbegal": 1754312097494,
      "lastrampok": 1754312097494
    },
    "6288210901503@s.whatsapp.net": {
      "vip": false,
      "ban": false,
      "afkTime": -1,
      "afkReason": "",
      "register": false,
      "limit": 20,
      "money": 10000,
      "lastclaim": 1754312097571,
      "lastbegal": 1754312097571,
      "lastrampok": 1754312097571
    },
    "6285134481895@s.whatsapp.net": {
      "vip": false,
      "ban": false,
      "afkTime": -1,
      "afkReason": "",
      "register": false,
      "limit": 20,
      "money": 10000,
      "lastclaim": 1754312114727,
      "lastbegal": 1754312114727,
      "lastrampok": 1754312114727
    },
    "6283823568764@s.whatsapp.net": {
      "vip": false,
      "ban": false,
      "afkTime": -1,
      "afkReason": "",
      "register": false,
      "limit": 20,
      "money": 10000,
      "lastclaim": 1754312211890,
      "lastbegal": 1754312211890,
      "lastrampok": 1754312211890
    },
    "6281399843369@s.whatsapp.net": {
      "vip": false,
      "ban": false,
      "afkTime": -1,
      "afkReason": "",
      "register": false,
      "limit": 20,
      "money": 10000,
      "lastclaim": 1754313798906,
      "lastbegal": 1754313798906,
      "lastrampok": 1754313798906
    },
    "6281325600199@s.whatsapp.net": {
      "vip": false,
      "ban": false,
      "afkTime": -1,
      "afkReason": "",
      "register": false,
      "limit": 20,
      "money": 10000,
      "lastclaim": 1754322565166,
      "lastbegal": 1754322565166,
      "lastrampok": 1754322565166
    },
    "6285370085805@s.whatsapp.net": {
      "vip": false,
      "ban": false,
      "afkTime": -1,
      "afkReason": "",
      "register": false,
      "limit": 20,
      "money": 10000,
      "lastclaim": 1754324767608,
      "lastbegal": 1754324767608,
      "lastrampok": 1754324767608
    },
    "6285198286712@s.whatsapp.net": {
      "vip": false,
      "ban": false,
      "afkTime": -1,
      "afkReason": "",
      "register": false,
      "limit": 20,
      "money": 10000,
      "lastclaim": 1754325395614,
      "lastbegal": 1754325395614,
      "lastrampok": 1754325395614
    },
    "6287782488087@s.whatsapp.net": {
      "vip": false,
      "ban": false,
      "afkTime": -1,
      "afkReason": "",
      "register": false,
      "limit": 20,
      "money": 10000,
      "lastclaim": 1754326036355,
      "lastbegal": 1754326036355,
      "lastrampok": 1754326036355
    },
    "6285191589856@s.whatsapp.net": {
      "vip": false,
      "ban": false,
      "afkTime": -1,
      "afkReason": "",
      "register": false,
      "limit": 20,
      "money": 10000,
      "lastclaim": 1754328483274,
      "lastbegal": 1754328483274,
      "lastrampok": 1754328483274
    },
    "280912369598529@lid": {
      "vip": false,
      "ban": false,
      "afkTime": -1,
      "afkReason": "",
      "register": false,
      "limit": 20,
      "money": 10000,
      "lastclaim": 1754340323927,
      "lastbegal": 1754340323927,
      "lastrampok": 1754340323927
    },
    "6281326294755@s.whatsapp.net": {
      "vip": false,
      "ban": false,
      "afkTime": -1,
      "afkReason": "",
      "register": false,
      "limit": 20,
      "money": 10000,
      "lastclaim": 1754345231711,
      "lastbegal": 1754345231711,
      "lastrampok": 1754345231711
    },
    "62895352466783@s.whatsapp.net": {
      "vip": false,
      "ban": false,
      "afkTime": -1,
      "afkReason": "",
      "register": false,
      "limit": 20,
      "money": 10000,
      "lastclaim": 1754352109210,
      "lastbegal": 1754352109210,
      "lastrampok": 1754352109210
    },
    "6283138833108@s.whatsapp.net": {
      "vip": false,
      "ban": false,
      "afkTime": -1,
      "afkReason": "",
      "register": false,
      "limit": 20,
      "money": 10000,
      "lastclaim": 1754352109715,
      "lastbegal": 1754352109715,
      "lastrampok": 1754352109715
    },
    "6287819036824@s.whatsapp.net": {
      "vip": false,
      "ban": false,
      "afkTime": -1,
      "afkReason": "",
      "register": false,
      "limit": 20,
      "money": 10000,
      "lastclaim": 1754352109856,
      "lastbegal": 1754352109856,
      "lastrampok": 1754352109856
    },
    "6281933789492@s.whatsapp.net": {
      "vip": false,
      "ban": false,
      "afkTime": -1,
      "afkReason": "",
      "register": false,
      "limit": 20,
      "money": 10000,
      "lastclaim": 1754352109892,
      "lastbegal": 1754352109892,
      "lastrampok": 1754352109892
    },
    "6283842453449@s.whatsapp.net": {
      "vip": false,
      "ban": false,
      "afkTime": -1,
      "afkReason": "",
      "register": false,
      "limit": 20,
      "money": 10000,
      "lastclaim": 1754352109976,
      "lastbegal": 1754352109976,
      "lastrampok": 1754352109976
    },
    "6282155633004@s.whatsapp.net": {
      "vip": false,
      "ban": false,
      "afkTime": -1,
      "afkReason": "",
      "register": false,
      "limit": 20,
      "money": 10000,
      "lastclaim": 1754352110016,
      "lastbegal": 1754352110016,
      "lastrampok": 1754352110016
    },
    "6282144071317@s.whatsapp.net": {
      "vip": false,
      "ban": false,
      "afkTime": -1,
      "afkReason": "",
      "register": false,
      "limit": 20,
      "money": 10000,
      "lastclaim": 1754352110119,
      "lastbegal": 1754352110119,
      "lastrampok": 1754352110119
    },
    "6282241182487@s.whatsapp.net": {
      "vip": false,
      "ban": false,
      "afkTime": -1,
      "afkReason": "",
      "register": false,
      "limit": 20,
      "money": 10000,
      "lastclaim": 1754796924335,
      "lastbegal": 1754796924335,
      "lastrampok": 1754796924335
    },
    "639637430146@s.whatsapp.net": {
      "vip": false,
      "ban": false,
      "afkTime": -1,
      "afkReason": "",
      "register": false,
      "limit": 20,
      "money": 10000,
      "lastclaim": 1760605837651,
      "lastbegal": 1760605837651,
      "lastrampok": 1760605837651
    },
    "6282340319193@s.whatsapp.net": {
      "vip": false,
      "ban": false,
      "afkTime": -1,
      "afkReason": "",
      "register": false,
      "limit": 20,
      "money": 10000,
      "lastclaim": 1760605868113,
      "lastbegal": 1760605868113,
      "lastrampok": 1760605868113
    },
    "120363417842604695@g.us": {
      "vip": false,
      "ban": false,
      "afkTime": -1,
      "afkReason": "",
      "register": false,
      "limit": 20,
      "money": 10000,
      "lastclaim": 1760605926125,
      "lastbegal": 1760605926125,
      "lastrampok": 1760605926125
    },
    "121861727883300@lid": {
      "vip": false,
      "ban": false,
      "afkTime": -1,
      "afkReason": "",
      "register": false,
      "limit": 20,
      "money": 10000,
      "lastclaim": 1760605945682,
      "lastbegal": 1760605945682,
      "lastrampok": 1760605945682
    },
    "6288805408300@s.whatsapp.net": {
      "vip": false,
      "ban": false,
      "afkTime": -1,
      "afkReason": "",
      "register": false,
      "limit": 20,
      "money": 10000,
      "lastclaim": 1760606175724,
      "lastbegal": 1760606175724,
      "lastrampok": 1760606175724
    },
    "6281770029241@s.whatsapp.net": {
      "vip": false,
      "ban": false,
      "afkTime": -1,
      "afkReason": "",
      "register": false,
      "limit": 19,
      "money": 10000,
      "lastclaim": 1760606191300,
      "lastbegal": 1760606191300,
      "lastrampok": 1760606191300
    },
    "6285141323728@s.whatsapp.net": {
      "vip": false,
      "ban": false,
      "afkTime": -1,
      "afkReason": "",
      "register": false,
      "limit": 20,
      "money": 10000,
      "lastclaim": 1760606333868,
      "lastbegal": 1760606333868,
      "lastrampok": 1760606333868
    },
    "163381193494639@lid": {
      "vip": false,
      "ban": false,
      "afkTime": -1,
      "afkReason": "",
      "register": false,
      "limit": 20,
      "money": 10000,
      "lastclaim": 1760606411108,
      "lastbegal": 1760606411108,
      "lastrampok": 1760606411108
    },
    "62881037725772@s.whatsapp.net": {
      "vip": false,
      "ban": false,
      "afkTime": -1,
      "afkReason": "",
      "register": false,
      "limit": 14,
      "money": 10000,
      "lastclaim": 1760606644429,
      "lastbegal": 1760606644429,
      "lastrampok": 1760606644429
    },
    "6285656817807@s.whatsapp.net": {
      "vip": false,
      "ban": false,
      "afkTime": -1,
      "afkReason": "",
      "register": false,
      "limit": 19,
      "money": 10000,
      "lastclaim": 1760606817525,
      "lastbegal": 1760606817525,
      "lastrampok": 1760606817525
    },
    "6285141067887@s.whatsapp.net": {
      "vip": false,
      "ban": false,
      "afkTime": -1,
      "afkReason": "",
      "register": false,
      "limit": 20,
      "money": 10000,
      "lastclaim": 1760606851258,
      "lastbegal": 1760606851258,
      "lastrampok": 1760606851258
    },
    "126779482239113@lid": {
      "vip": false,
      "ban": false,
      "afkTime": -1,
      "afkReason": "",
      "register": false,
      "limit": 20,
      "money": 10000,
      "lastclaim": 1760607311021,
      "lastbegal": 1760607311021,
      "lastrampok": 1760607311021
    },
    "6285148307846@s.whatsapp.net": {
      "vip": false,
      "ban": false,
      "afkTime": -1,
      "afkReason": "",
      "register": false,
      "limit": 16,
      "money": 10000,
      "lastclaim": 1760607324918,
      "lastbegal": 1760607324918,
      "lastrampok": 1760607324918
    },
    "6281212348540@s.whatsapp.net": {
      "vip": false,
      "ban": false,
      "afkTime": -1,
      "afkReason": "",
      "register": false,
      "limit": 19,
      "money": 10000,
      "lastclaim": 1760607850059,
      "lastbegal": 1760607850059,
      "lastrampok": 1760607850059
    },
    "41103155843196@lid": {
      "vip": false,
      "ban": false,
      "afkTime": -1,
      "afkReason": "",
      "register": false,
      "limit": 20,
      "money": 10000,
      "lastclaim": 1760608215046,
      "lastbegal": 1760608215046,
      "lastrampok": 1760608215046
    },
    "241394979500094@lid": {
      "vip": false,
      "ban": false,
      "afkTime": -1,
      "afkReason": "",
      "register": false,
      "limit": 20,
      "money": 10000,
      "lastclaim": 1760608243389,
      "lastbegal": 1760608243389,
      "lastrampok": 1760608243389
    },
    "62887435135190@s.whatsapp.net": {
      "vip": false,
      "ban": false,
      "afkTime": -1,
      "afkReason": "",
      "register": false,
      "limit": 20,
      "money": 10000,
      "lastclaim": 1760608455645,
      "lastbegal": 1760608455645,
      "lastrampok": 1760608455645
    },
    "6282113821188@s.whatsapp.net": {
      "vip": false,
      "ban": false,
      "afkTime": -1,
      "afkReason": "",
      "register": false,
      "limit": 20,
      "money": 10000,
      "lastclaim": 1760608515771,
      "lastbegal": 1760608515771,
      "lastrampok": 1760608515771
    },
    "6283835730235@s.whatsapp.net": {
      "vip": false,
      "ban": false,
      "afkTime": -1,
      "afkReason": "",
      "register": false,
      "limit": 19,
      "money": 10000,
      "lastclaim": 1760608518115,
      "lastbegal": 1760608518115,
      "lastrampok": 1760608518115
    },
    "6289528352958@s.whatsapp.net": {
      "vip": false,
      "ban": false,
      "afkTime": -1,
      "afkReason": "",
      "register": false,
      "limit": 20,
      "money": 10000,
      "lastclaim": 1760608519283,
      "lastbegal": 1760608519283,
      "lastrampok": 1760608519283
    },
    "6283132580224@s.whatsapp.net": {
      "vip": false,
      "ban": false,
      "afkTime": -1,
      "afkReason": "",
      "register": false,
      "limit": 20,
      "money": 10000,
      "lastclaim": 1760608521383,
      "lastbegal": 1760608521383,
      "lastrampok": 1760608521383
    },
    "6281931272427@s.whatsapp.net": {
      "vip": false,
      "ban": false,
      "afkTime": -1,
      "afkReason": "",
      "register": false,
      "limit": 20,
      "money": 10000,
      "lastclaim": 1760608528658,
      "lastbegal": 1760608528658,
      "lastrampok": 1760608528658
    },
    "207554747580437@lid": {
      "vip": false,
      "ban": false,
      "afkTime": -1,
      "afkReason": "",
      "register": false,
      "limit": 20,
      "money": 10000,
      "lastclaim": 1760608529545,
      "lastbegal": 1760608529545,
      "lastrampok": 1760608529545
    },
    "120363399166226722@newsletter": {
      "vip": false,
      "ban": false,
      "afkTime": -1,
      "afkReason": "",
      "register": false,
      "limit": 20,
      "money": 10000,
      "lastclaim": 1760609679567,
      "lastbegal": 1760609679567,
      "lastrampok": 1760609679567
    },
    "120363401638560454@g.us": {
      "vip": false,
      "ban": false,
      "afkTime": -1,
      "afkReason": "",
      "register": false,
      "limit": 20,
      "money": 10000,
      "lastclaim": 1760609805313,
      "lastbegal": 1760609805313,
      "lastrampok": 1760609805313
    },
    "6282264288761@s.whatsapp.net": {
      "vip": false,
      "ban": false,
      "afkTime": -1,
      "afkReason": "",
      "register": false,
      "limit": 18,
      "money": 10000,
      "lastclaim": 1760609822301,
      "lastbegal": 1760609822301,
      "lastrampok": 1760609822301
    },
    "158287379075126@lid": {
      "vip": false,
      "ban": false,
      "afkTime": -1,
      "afkReason": "",
      "register": false,
      "limit": 20,
      "money": 10000,
      "lastclaim": 1760609852913,
      "lastbegal": 1760609852913,
      "lastrampok": 1760609852913
    },
    "25920228356122@lid": {
      "vip": false,
      "ban": false,
      "afkTime": -1,
      "afkReason": "",
      "register": false,
      "limit": 20,
      "money": 10000,
      "lastclaim": 1760609888868,
      "lastbegal": 1760609888868,
      "lastrampok": 1760609888868
    },
    "6285157069906@s.whatsapp.net": {
      "vip": false,
      "ban": false,
      "afkTime": -1,
      "afkReason": "",
      "register": false,
      "limit": 19,
      "money": 10000,
      "lastclaim": 1760609897431,
      "lastbegal": 1760609897431,
      "lastrampok": 1760609897431
    },
    "6285378754091@s.whatsapp.net": {
      "vip": false,
      "ban": false,
      "afkTime": -1,
      "afkReason": "",
      "register": false,
      "limit": 18,
      "money": 10000,
      "lastclaim": 1760609912020,
      "lastbegal": 1760609912020,
      "lastrampok": 1760609912020
    },
    "120363198691979061@g.us": {
      "vip": false,
      "ban": false,
      "afkTime": -1,
      "afkReason": "",
      "register": false,
      "limit": 20,
      "money": 10000,
      "lastclaim": 1760609913428,
      "lastbegal": 1760609913428,
      "lastrampok": 1760609913428
    },
    "6282128646986@s.whatsapp.net": {
      "vip": false,
      "ban": false,
      "afkTime": -1,
      "afkReason": "",
      "register": false,
      "limit": 20,
      "money": 10000,
      "lastclaim": 1760610004702,
      "lastbegal": 1760610004702,
      "lastrampok": 1760610004702
    },
    "6285701727026@s.whatsapp.net": {
      "vip": false,
      "ban": false,
      "afkTime": -1,
      "afkReason": "",
      "register": false,
      "limit": 20,
      "money": 10000,
      "lastclaim": 1760610034446,
      "lastbegal": 1760610034446,
      "lastrampok": 1760610034446
    },
    "6288292027880@s.whatsapp.net": {
      "vip": false,
      "ban": false,
      "afkTime": -1,
      "afkReason": "",
      "register": false,
      "limit": 20,
      "money": 10000,
      "lastclaim": 1760610047891,
      "lastbegal": 1760610047891,
      "lastrampok": 1760610047891
    },
    "28704021434375@lid": {
      "vip": false,
      "ban": false,
      "afkTime": -1,
      "afkReason": "",
      "register": false,
      "limit": 20,
      "money": 10000,
      "lastclaim": 1760610069514,
      "lastbegal": 1760610069514,
      "lastrampok": 1760610069514
    },
    "6285198888020@s.whatsapp.net": {
      "vip": false,
      "ban": false,
      "afkTime": -1,
      "afkReason": "",
      "register": false,
      "limit": 20,
      "money": 10000,
      "lastclaim": 1760610130493,
      "lastbegal": 1760610130493,
      "lastrampok": 1760610130493
    },
    "219962991980725@lid": {
      "vip": false,
      "ban": false,
      "afkTime": -1,
      "afkReason": "",
      "register": false,
      "limit": 20,
      "money": 10000,
      "lastclaim": 1760610150580,
      "lastbegal": 1760610150580,
      "lastrampok": 1760610150580
    },
    "628980371562@s.whatsapp.net": {
      "vip": false,
      "ban": false,
      "afkTime": -1,
      "afkReason": "",
      "register": false,
      "limit": 20,
      "money": 10000,
      "lastclaim": 1760610153273,
      "lastbegal": 1760610153273,
      "lastrampok": 1760610153273
    },
    "6281460365472@s.whatsapp.net": {
      "vip": false,
      "ban": false,
      "afkTime": -1,
      "afkReason": "",
      "register": false,
      "limit": 19,
      "money": 10000,
      "lastclaim": 1760610182132,
      "lastbegal": 1760610182132,
      "lastrampok": 1760610182132
    },
    "6285246491414@s.whatsapp.net": {
      "vip": false,
      "ban": false,
      "afkTime": -1,
      "afkReason": "",
      "register": false,
      "limit": 20,
      "money": 10000,
      "lastclaim": 1760610255685,
      "lastbegal": 1760610255685,
      "lastrampok": 1760610255685
    },
    "6283140641353@s.whatsapp.net": {
      "vip": false,
      "ban": false,
      "afkTime": -1,
      "afkReason": "",
      "register": false,
      "limit": 20,
      "money": 10000,
      "lastclaim": 1760610257180,
      "lastbegal": 1760610257180,
      "lastrampok": 1760610257180
    },
    "6285962692364@s.whatsapp.net": {
      "vip": false,
      "ban": false,
      "afkTime": -1,
      "afkReason": "",
      "register": false,
      "limit": 20,
      "money": 10000,
      "lastclaim": 1760610285261,
      "lastbegal": 1760610285261,
      "lastrampok": 1760610285261
    },
    "6281324126612@s.whatsapp.net": {
      "vip": false,
      "ban": false,
      "afkTime": -1,
      "afkReason": "",
      "register": false,
      "limit": 20,
      "money": 10000,
      "lastclaim": 1760610291542,
      "lastbegal": 1760610291542,
      "lastrampok": 1760610291542
    },
    "6282135785724@s.whatsapp.net": {
      "vip": false,
      "ban": false,
      "afkTime": -1,
      "afkReason": "",
      "register": false,
      "limit": 20,
      "money": 10000,
      "lastclaim": 1760610318547,
      "lastbegal": 1760610318547,
      "lastrampok": 1760610318547
    },
    "149207851790377@lid": {
      "vip": false,
      "ban": false,
      "afkTime": -1,
      "afkReason": "",
      "register": false,
      "limit": 20,
      "money": 10000,
      "lastclaim": 1760610333658,
      "lastbegal": 1760610333658,
      "lastrampok": 1760610333658
    },
    "120363398255723276@newsletter": {
      "vip": false,
      "ban": false,
      "afkTime": -1,
      "afkReason": "",
      "register": false,
      "limit": 20,
      "money": 10000,
      "lastclaim": 1760610410223,
      "lastbegal": 1760610410223,
      "lastrampok": 1760610410223
    },
    "6285168709133@s.whatsapp.net": {
      "vip": false,
      "ban": false,
      "afkTime": -1,
      "afkReason": "",
      "register": false,
      "limit": 20,
      "money": 12989,
      "lastclaim": 1760610602319,
      "lastbegal": 1760610602319,
      "lastrampok": 1760610602319
    },
    "6285785474818@s.whatsapp.net": {
      "vip": false,
      "ban": false,
      "afkTime": -1,
      "afkReason": "",
      "register": false,
      "limit": 20,
      "money": 10000,
      "lastclaim": 1760610650522,
      "lastbegal": 1760610650522,
      "lastrampok": 1760610650522
    },
    "6282324962898@s.whatsapp.net": {
      "vip": false,
      "ban": false,
      "afkTime": -1,
      "afkReason": "",
      "register": false,
      "limit": 19,
      "money": 10000,
      "lastclaim": 1760610716241,
      "lastbegal": 1760610716241,
      "lastrampok": 1760610716241
    },
    "6283103232648@s.whatsapp.net": {
      "vip": false,
      "ban": false,
      "afkTime": -1,
      "afkReason": "",
      "register": false,
      "limit": 19,
      "money": 10000,
      "lastclaim": 1760610728700,
      "lastbegal": 1760610728700,
      "lastrampok": 1760610728700
    },
    "62895414480999@s.whatsapp.net": {
      "vip": false,
      "ban": false,
      "afkTime": -1,
      "afkReason": "",
      "register": false,
      "limit": 18,
      "money": 10000,
      "lastclaim": 1760611146698,
      "lastbegal": 1760611146698,
      "lastrampok": 1760611146698
    },
    "6281222038629@s.whatsapp.net": {
      "vip": false,
      "ban": false,
      "afkTime": -1,
      "afkReason": "",
      "register": false,
      "limit": 20,
      "money": 10000,
      "lastclaim": 1760611197576,
      "lastbegal": 1760611197576,
      "lastrampok": 1760611197576
    },
    "6282264927471@s.whatsapp.net": {
      "vip": false,
      "ban": false,
      "afkTime": -1,
      "afkReason": "",
      "register": false,
      "limit": 19,
      "money": 10000,
      "lastclaim": 1760611317137,
      "lastbegal": 1760611317137,
      "lastrampok": 1760611317137
    },
    "6287855764631@s.whatsapp.net": {
      "vip": false,
      "ban": false,
      "afkTime": -1,
      "afkReason": "",
      "register": false,
      "limit": 20,
      "money": 10000,
      "lastclaim": 1760611346242,
      "lastbegal": 1760611346242,
      "lastrampok": 1760611346242
    },
    "6283872882747@s.whatsapp.net": {
      "vip": false,
      "ban": false,
      "afkTime": -1,
      "afkReason": "",
      "register": false,
      "limit": 20,
      "money": 10000,
      "lastclaim": 1760611357749,
      "lastbegal": 1760611357749,
      "lastrampok": 1760611357749
    },
    "6285262562560@s.whatsapp.net": {
      "vip": false,
      "ban": false,
      "afkTime": -1,
      "afkReason": "",
      "register": false,
      "limit": 20,
      "money": 10000,
      "lastclaim": 1760611380559,
      "lastbegal": 1760611380559,
      "lastrampok": 1760611380559
    },
    "62895339536173@s.whatsapp.net": {
      "vip": false,
      "ban": false,
      "afkTime": -1,
      "afkReason": "",
      "register": false,
      "limit": 19,
      "money": 10000,
      "lastclaim": 1760611434156,
      "lastbegal": 1760611434156,
      "lastrampok": 1760611434156
    },
    "6287830222006@s.whatsapp.net": {
      "vip": false,
      "ban": false,
      "afkTime": -1,
      "afkReason": "",
      "register": false,
      "limit": 20,
      "money": 10000,
      "lastclaim": 1760611460016,
      "lastbegal": 1760611460016,
      "lastrampok": 1760611460016
    },
    "6285810349122@s.whatsapp.net": {
      "vip": false,
      "ban": false,
      "afkTime": -1,
      "afkReason": "",
      "register": false,
      "limit": 20,
      "money": 10000,
      "lastclaim": 1760611506807,
      "lastbegal": 1760611506807,
      "lastrampok": 1760611506807
    },
    "6283831532404@s.whatsapp.net": {
      "vip": false,
      "ban": false,
      "afkTime": -1,
      "afkReason": "",
      "register": false,
      "limit": 20,
      "money": 10000,
      "lastclaim": 1760611539899,
      "lastbegal": 1760611539899,
      "lastrampok": 1760611539899
    },
    "93720011441@s.whatsapp.net": {
      "vip": false,
      "ban": false,
      "afkTime": -1,
      "afkReason": "",
      "register": false,
      "limit": 16,
      "money": 10000,
      "lastclaim": 1760611561139,
      "lastbegal": 1760611561139,
      "lastrampok": 1760611561139
    },
    "122599925403714@lid": {
      "vip": false,
      "ban": false,
      "afkTime": -1,
      "afkReason": "",
      "register": false,
      "limit": 20,
      "money": 10000,
      "lastclaim": 1760611641084,
      "lastbegal": 1760611641084,
      "lastrampok": 1760611641084
    },
    "6283833510424@s.whatsapp.net": {
      "vip": false,
      "ban": false,
      "afkTime": -1,
      "afkReason": "",
      "register": false,
      "limit": 20,
      "money": 10000,
      "lastclaim": 1760611641122,
      "lastbegal": 1760611641122,
      "lastrampok": 1760611641122
    },
    "6285880234295@s.whatsapp.net": {
      "vip": false,
      "ban": false,
      "afkTime": -1,
      "afkReason": "",
      "register": false,
      "limit": 20,
      "money": 10000,
      "lastclaim": 1760612070038,
      "lastbegal": 1760612070038,
      "lastrampok": 1760612070038
    },
    "6285167618167@s.whatsapp.net": {
      "vip": false,
      "ban": false,
      "afkTime": -1,
      "afkReason": "",
      "register": false,
      "limit": 20,
      "money": 10000,
      "lastclaim": 1760612073824,
      "lastbegal": 1760612073824,
      "lastrampok": 1760612073824
    },
    "6285702135739@s.whatsapp.net": {
      "vip": false,
      "ban": false,
      "afkTime": -1,
      "afkReason": "",
      "register": false,
      "limit": 20,
      "money": 10000,
      "lastclaim": 1760612080918,
      "lastbegal": 1760612080918,
      "lastrampok": 1760612080918
    },
    "6285269913891@s.whatsapp.net": {
      "vip": false,
      "ban": false,
      "afkTime": -1,
      "afkReason": "",
      "register": false,
      "limit": 20,
      "money": 13499,
      "lastclaim": 1760612209329,
      "lastbegal": 1760612209329,
      "lastrampok": 1760612209329
    },
    "6287780378862@s.whatsapp.net": {
      "vip": false,
      "ban": false,
      "afkTime": -1,
      "afkReason": "",
      "register": false,
      "limit": 14,
      "money": 10000,
      "lastclaim": 1760612236190,
      "lastbegal": 1760612236190,
      "lastrampok": 1760612236190
    },
    "6287830373003@s.whatsapp.net": {
      "vip": false,
      "ban": false,
      "afkTime": -1,
      "afkReason": "",
      "register": false,
      "limit": 18,
      "money": 10000,
      "lastclaim": 1760612439970,
      "lastbegal": 1760612439970,
      "lastrampok": 1760612439970
    },
    "6283131688812@s.whatsapp.net": {
      "vip": false,
      "ban": false,
      "afkTime": -1,
      "afkReason": "",
      "register": false,
      "limit": 20,
      "money": 10000,
      "lastclaim": 1760612491075,
      "lastbegal": 1760612491075,
      "lastrampok": 1760612491075
    },
    "62895328876970@s.whatsapp.net": {
      "vip": false,
      "ban": false,
      "afkTime": -1,
      "afkReason": "",
      "register": false,
      "limit": 20,
      "money": 10000,
      "lastclaim": 1760612498690,
      "lastbegal": 1760612498690,
      "lastrampok": 1760612498690
    },
    "62895365156485@s.whatsapp.net": {
      "vip": false,
      "ban": false,
      "afkTime": -1,
      "afkReason": "",
      "register": false,
      "limit": 20,
      "money": 10000,
      "lastclaim": 1760612522124,
      "lastbegal": 1760612522124,
      "lastrampok": 1760612522124
    },
    "6282338282435@s.whatsapp.net": {
      "vip": false,
      "ban": false,
      "afkTime": -1,
      "afkReason": "",
      "register": false,
      "limit": 19,
      "money": 10000,
      "lastclaim": 1760612654485,
      "lastbegal": 1760612654485,
      "lastrampok": 1760612654485
    },
    "6285357083298@s.whatsapp.net": {
      "vip": false,
      "ban": false,
      "afkTime": -1,
      "afkReason": "",
      "register": false,
      "limit": 19,
      "money": 10000,
      "lastclaim": 1760612695103,
      "lastbegal": 1760612695103,
      "lastrampok": 1760612695103
    },
    "6282261416674@s.whatsapp.net": {
      "vip": false,
      "ban": false,
      "afkTime": -1,
      "afkReason": "",
      "register": false,
      "limit": 20,
      "money": 10000,
      "lastclaim": 1760612818772,
      "lastbegal": 1760612818772,
      "lastrampok": 1760612818772
    },
    "60109100613@s.whatsapp.net": {
      "vip": false,
      "ban": false,
      "afkTime": -1,
      "afkReason": "",
      "register": false,
      "limit": 20,
      "money": 10000,
      "lastclaim": 1760612823359,
      "lastbegal": 1760612823359,
      "lastrampok": 1760612823359
    },
    "6283109626769@s.whatsapp.net": {
      "vip": false,
      "ban": false,
      "afkTime": -1,
      "afkReason": "",
      "register": false,
      "limit": 20,
      "money": 10000,
      "lastclaim": 1760612859583,
      "lastbegal": 1760612859583,
      "lastrampok": 1760612859583
    },
    "6285213523500@s.whatsapp.net": {
      "vip": false,
      "ban": false,
      "afkTime": -1,
      "afkReason": "",
      "register": false,
      "limit": 20,
      "money": 10000,
      "lastclaim": 1760613023352,
      "lastbegal": 1760613023352,
      "lastrampok": 1760613023352
    },
    "6285696505289@s.whatsapp.net": {
      "vip": false,
      "ban": false,
      "afkTime": -1,
      "afkReason": "",
      "register": false,
      "limit": 20,
      "money": 10000,
      "lastclaim": 1760613102446,
      "lastbegal": 1760613102446,
      "lastrampok": 1760613102446
    },
    "6283848195681@s.whatsapp.net": {
      "vip": false,
      "ban": false,
      "afkTime": -1,
      "afkReason": "",
      "register": false,
      "limit": 20,
      "money": 10000,
      "lastclaim": 1760613194113,
      "lastbegal": 1760613194113,
      "lastrampok": 1760613194113
    },
    "6289605352200@s.whatsapp.net": {
      "vip": false,
      "ban": false,
      "afkTime": -1,
      "afkReason": "",
      "register": false,
      "limit": 20,
      "money": 10000,
      "lastclaim": 1760613300256,
      "lastbegal": 1760613300256,
      "lastrampok": 1760613300256
    },
    "6287750311045@s.whatsapp.net": {
      "vip": false,
      "ban": false,
      "afkTime": -1,
      "afkReason": "",
      "register": false,
      "limit": 20,
      "money": 10000,
      "lastclaim": 1760613746383,
      "lastbegal": 1760613746383,
      "lastrampok": 1760613746383
    },
    "6289612504116@s.whatsapp.net": {
      "vip": false,
      "ban": false,
      "afkTime": -1,
      "afkReason": "",
      "register": false,
      "limit": 20,
      "money": 10000,
      "lastclaim": 1760613762721,
      "lastbegal": 1760613762721,
      "lastrampok": 1760613762721
    },
    "6289527211062@s.whatsapp.net": {
      "vip": false,
      "ban": false,
      "afkTime": -1,
      "afkReason": "",
      "register": false,
      "limit": 15,
      "money": 10000,
      "lastclaim": 1760613788070,
      "lastbegal": 1760613788070,
      "lastrampok": 1760613788070
    },
    "6285777894964@s.whatsapp.net": {
      "vip": false,
      "ban": false,
      "afkTime": -1,
      "afkReason": "",
      "register": false,
      "limit": 20,
      "money": 10000,
      "lastclaim": 1760613804157,
      "lastbegal": 1760613804157,
      "lastrampok": 1760613804157
    },
    "6281539815016@s.whatsapp.net": {
      "vip": false,
      "ban": false,
      "afkTime": -1,
      "afkReason": "",
      "register": false,
      "limit": 19,
      "money": 10000,
      "lastclaim": 1760613924636,
      "lastbegal": 1760613924636,
      "lastrampok": 1760613924636
    },
    "6287862397671@s.whatsapp.net": {
      "vip": false,
      "ban": false,
      "afkTime": -1,
      "afkReason": "",
      "register": false,
      "limit": 19,
      "money": 10000,
      "lastclaim": 1760614174311,
      "lastbegal": 1760614174311,
      "lastrampok": 1760614174311
    },
    "6287713405273@s.whatsapp.net": {
      "vip": false,
      "ban": false,
      "afkTime": -1,
      "afkReason": "",
      "register": false,
      "limit": 17,
      "money": 10000,
      "lastclaim": 1760614226286,
      "lastbegal": 1760614226286,
      "lastrampok": 1760614226286
    },
    "6287836212362@s.whatsapp.net": {
      "vip": false,
      "ban": false,
      "afkTime": -1,
      "afkReason": "",
      "register": false,
      "limit": 19,
      "money": 10000,
      "lastclaim": 1760614238272,
      "lastbegal": 1760614238272,
      "lastrampok": 1760614238272
    },
    "62895320740892@s.whatsapp.net": {
      "vip": false,
      "ban": false,
      "afkTime": -1,
      "afkReason": "",
      "register": false,
      "limit": 19,
      "money": 10000,
      "lastclaim": 1760614296043,
      "lastbegal": 1760614296043,
      "lastrampok": 1760614296043
    },
    "6285122592544@s.whatsapp.net": {
      "vip": false,
      "ban": false,
      "afkTime": -1,
      "afkReason": "",
      "register": false,
      "limit": 20,
      "money": 10000,
      "lastclaim": 1760614327036,
      "lastbegal": 1760614327036,
      "lastrampok": 1760614327036
    },
    "6289524526922@s.whatsapp.net": {
      "vip": false,
      "ban": false,
      "afkTime": -1,
      "afkReason": "",
      "register": false,
      "limit": 20,
      "money": 10000,
      "lastclaim": 1760614375791,
      "lastbegal": 1760614375791,
      "lastrampok": 1760614375791
    },
    "233470177583278@lid": {
      "vip": false,
      "ban": false,
      "afkTime": -1,
      "afkReason": "",
      "register": false,
      "limit": 20,
      "money": 10000,
      "lastclaim": 1760614387526,
      "lastbegal": 1760614387526,
      "lastrampok": 1760614387526
    },
    "6282226641572@s.whatsapp.net": {
      "vip": false,
      "ban": false,
      "afkTime": -1,
      "afkReason": "",
      "register": false,
      "limit": 19,
      "money": 10000,
      "lastclaim": 1760614460824,
      "lastbegal": 1760614460824,
      "lastrampok": 1760614460824
    },
    "6285756579981@s.whatsapp.net": {
      "vip": false,
      "ban": false,
      "afkTime": -1,
      "afkReason": "",
      "register": false,
      "limit": 20,
      "money": 10000,
      "lastclaim": 1760614585443,
      "lastbegal": 1760614585443,
      "lastrampok": 1760614585443
    },
    "6283162347651@s.whatsapp.net": {
      "vip": false,
      "ban": false,
      "afkTime": -1,
      "afkReason": "",
      "register": false,
      "limit": 19,
      "money": 10000,
      "lastclaim": 1760614593568,
      "lastbegal": 1760614593568,
      "lastrampok": 1760614593568
    },
    "6285169680539@s.whatsapp.net": {
      "vip": false,
      "ban": false,
      "afkTime": -1,
      "afkReason": "",
      "register": false,
      "limit": 20,
      "money": 10000,
      "lastclaim": 1760614615623,
      "lastbegal": 1760614615623,
      "lastrampok": 1760614615623
    },
    "6282276148833@s.whatsapp.net": {
      "vip": false,
      "ban": false,
      "afkTime": -1,
      "afkReason": "",
      "register": false,
      "limit": 19,
      "money": 10000,
      "lastclaim": 1760614645854,
      "lastbegal": 1760614645854,
      "lastrampok": 1760614645854
    },
    "6285642306137@s.whatsapp.net": {
      "vip": false,
      "ban": false,
      "afkTime": -1,
      "afkReason": "",
      "register": false,
      "limit": 19,
      "money": 10000,
      "lastclaim": 1760614686992,
      "lastbegal": 1760614686992,
      "lastrampok": 1760614686992
    },
    "6282394190961@s.whatsapp.net": {
      "vip": false,
      "ban": false,
      "afkTime": -1,
      "afkReason": "",
      "register": false,
      "limit": 20,
      "money": 10000,
      "lastclaim": 1760614712424,
      "lastbegal": 1760614712424,
      "lastrampok": 1760614712424
    },
    "62881011618683@s.whatsapp.net": {
      "vip": false,
      "ban": false,
      "afkTime": -1,
      "afkReason": "",
      "register": false,
      "limit": 20,
      "money": 10000,
      "lastclaim": 1760614750225,
      "lastbegal": 1760614750225,
      "lastrampok": 1760614750225
    },
    "628999864414@s.whatsapp.net": {
      "vip": false,
      "ban": false,
      "afkTime": -1,
      "afkReason": "",
      "register": false,
      "limit": 20,
      "money": 10000,
      "lastclaim": 1760614897869,
      "lastbegal": 1760614897869,
      "lastrampok": 1760614897869
    },
    "6285184056569@s.whatsapp.net": {
      "vip": false,
      "ban": false,
      "afkTime": -1,
      "afkReason": "",
      "register": false,
      "limit": 19,
      "money": 10000,
      "lastclaim": 1760614910045,
      "lastbegal": 1760614910045,
      "lastrampok": 1760614910045
    },
    "60143182796@s.whatsapp.net": {
      "vip": false,
      "ban": false,
      "afkTime": -1,
      "afkReason": "",
      "register": false,
      "limit": 20,
      "money": 10000,
      "lastclaim": 1760615036941,
      "lastbegal": 1760615036941,
      "lastrampok": 1760615036941
    },
    "6282387676237@s.whatsapp.net": {
      "vip": false,
      "ban": false,
      "afkTime": -1,
      "afkReason": "",
      "register": false,
      "limit": 20,
      "money": 10000,
      "lastclaim": 1760615249825,
      "lastbegal": 1760615249825,
      "lastrampok": 1760615249825
    },
    "6285894763441@s.whatsapp.net": {
      "vip": false,
      "ban": false,
      "afkTime": -1,
      "afkReason": "",
      "register": false,
      "limit": 20,
      "money": 10000,
      "lastclaim": 1760615356800,
      "lastbegal": 1760615356800,
      "lastrampok": 1760615356800
    },
    "628388584703@s.whatsapp.net": {
      "vip": false,
      "ban": false,
      "afkTime": -1,
      "afkReason": "",
      "register": false,
      "limit": 20,
      "money": 10000,
      "lastclaim": 1760615373680,
      "lastbegal": 1760615373680,
      "lastrampok": 1760615373680
    },
    "6281779910245@s.whatsapp.net": {
      "vip": false,
      "ban": false,
      "afkTime": -1,
      "afkReason": "",
      "register": false,
      "limit": 20,
      "money": 10000,
      "lastclaim": 1760615446824,
      "lastbegal": 1760615446824,
      "lastrampok": 1760615446824
    },
    "60165257206@s.whatsapp.net": {
      "vip": false,
      "ban": false,
      "afkTime": -1,
      "afkReason": "",
      "register": false,
      "limit": 19,
      "money": 10000,
      "lastclaim": 1760615538220,
      "lastbegal": 1760615538220,
      "lastrampok": 1760615538220
    },
    "6282227024917@s.whatsapp.net": {
      "vip": false,
      "ban": false,
      "afkTime": -1,
      "afkReason": "",
      "register": false,
      "limit": 19,
      "money": 10000,
      "lastclaim": 1760615565713,
      "lastbegal": 1760615565713,
      "lastrampok": 1760615565713
    },
    "6285762251779@s.whatsapp.net": {
      "vip": false,
      "ban": false,
      "afkTime": -1,
      "afkReason": "",
      "register": false,
      "limit": 19,
      "money": 10000,
      "lastclaim": 1760615999267,
      "lastbegal": 1760615999267,
      "lastrampok": 1760615999267
    },
    "6282128936062@s.whatsapp.net": {
      "vip": false,
      "ban": false,
      "afkTime": -1,
      "afkReason": "",
      "register": false,
      "limit": 20,
      "money": 10000,
      "lastclaim": 1760616063010,
      "lastbegal": 1760616063010,
      "lastrampok": 1760616063010
    },
    "6283832556134@s.whatsapp.net": {
      "vip": false,
      "ban": false,
      "afkTime": -1,
      "afkReason": "",
      "register": false,
      "limit": 20,
      "money": 10000,
      "lastclaim": 1760616159963,
      "lastbegal": 1760616159963,
      "lastrampok": 1760616159963
    },
    "6289672710099@s.whatsapp.net": {
      "vip": false,
      "ban": false,
      "afkTime": -1,
      "afkReason": "",
      "register": false,
      "limit": 20,
      "money": 10000,
      "lastclaim": 1760616191564,
      "lastbegal": 1760616191564,
      "lastrampok": 1760616191564
    },
    "6282155400533@s.whatsapp.net": {
      "vip": false,
      "ban": false,
      "afkTime": -1,
      "afkReason": "",
      "register": false,
      "limit": 20,
      "money": 10000,
      "lastclaim": 1760616223431,
      "lastbegal": 1760616223431,
      "lastrampok": 1760616223431
    },
    "6288226523865@s.whatsapp.net": {
      "vip": false,
      "ban": false,
      "afkTime": -1,
      "afkReason": "",
      "register": false,
      "limit": 20,
      "money": 10000,
      "lastclaim": 1760616295583,
      "lastbegal": 1760616295583,
      "lastrampok": 1760616295583
    },
    "249417508626478@lid": {
      "vip": false,
      "ban": false,
      "afkTime": -1,
      "afkReason": "",
      "register": false,
      "limit": 20,
      "money": 10000,
      "lastclaim": 1760616441037,
      "lastbegal": 1760616441037,
      "lastrampok": 1760616441037
    },
    "62882002212569@s.whatsapp.net": {
      "vip": false,
      "ban": false,
      "afkTime": -1,
      "afkReason": "",
      "register": false,
      "limit": 19,
      "money": 10000,
      "lastclaim": 1760616507932,
      "lastbegal": 1760616507932,
      "lastrampok": 1760616507932
    },
    "200841646600267@lid": {
      "vip": false,
      "ban": false,
      "afkTime": -1,
      "afkReason": "",
      "register": false,
      "limit": 20,
      "money": 10000,
      "lastclaim": 1760616633653,
      "lastbegal": 1760616633653,
      "lastrampok": 1760616633653
    },
    "6285601935246@s.whatsapp.net": {
      "vip": false,
      "ban": false,
      "afkTime": -1,
      "afkReason": "",
      "register": false,
      "limit": 20,
      "money": 10000,
      "lastclaim": 1760616668164,
      "lastbegal": 1760616668164,
      "lastrampok": 1760616668164
    },
    "6281283401829@s.whatsapp.net": {
      "vip": false,
      "ban": false,
      "afkTime": -1,
      "afkReason": "",
      "register": false,
      "limit": 19,
      "money": 10000,
      "lastclaim": 1760616842204,
      "lastbegal": 1760616842204,
      "lastrampok": 1760616842204
    },
    "168388622057500@lid": {
      "vip": false,
      "ban": false,
      "afkTime": -1,
      "afkReason": "",
      "register": false,
      "limit": 20,
      "money": 10000,
      "lastclaim": 1760617145030,
      "lastbegal": 1760617145030,
      "lastrampok": 1760617145030
    },
    "15604253728905@lid": {
      "vip": false,
      "ban": false,
      "afkTime": -1,
      "afkReason": "",
      "register": false,
      "limit": 20,
      "money": 10000,
      "lastclaim": 1760617254841,
      "lastbegal": 1760617254841,
      "lastrampok": 1760617254841
    },
    "6282156245232@s.whatsapp.net": {
      "vip": false,
      "ban": false,
      "afkTime": -1,
      "afkReason": "",
      "register": false,
      "limit": 19,
      "money": 10000,
      "lastclaim": 1760617471347,
      "lastbegal": 1760617471347,
      "lastrampok": 1760617471347
    },
    "6281370363334@s.whatsapp.net": {
      "vip": false,
      "ban": false,
      "afkTime": -1,
      "afkReason": "",
      "register": false,
      "limit": 18,
      "money": 10000,
      "lastclaim": 1760617567629,
      "lastbegal": 1760617567629,
      "lastrampok": 1760617567629
    },
    "6285852147577@s.whatsapp.net": {
      "vip": false,
      "ban": false,
      "afkTime": -1,
      "afkReason": "",
      "register": false,
      "limit": 20,
      "money": 10000,
      "lastclaim": 1760617571446,
      "lastbegal": 1760617571446,
      "lastrampok": 1760617571446
    },
    "6282324829848@s.whatsapp.net": {
      "vip": false,
      "ban": false,
      "afkTime": -1,
      "afkReason": "",
      "register": false,
      "limit": 20,
      "money": 10000,
      "lastclaim": 1760617607566,
      "lastbegal": 1760617607566,
      "lastrampok": 1760617607566
    },
    "6283132580220@s.whatsapp.net": {
      "vip": false,
      "ban": false,
      "afkTime": -1,
      "afkReason": "",
      "register": false,
      "limit": 20,
      "money": 10000,
      "lastclaim": 1760617608312,
      "lastbegal": 1760617608312,
      "lastrampok": 1760617608312
    },
    "6282254396417@s.whatsapp.net": {
      "vip": false,
      "ban": false,
      "afkTime": -1,
      "afkReason": "",
      "register": false,
      "limit": 20,
      "money": 10000,
      "lastclaim": 1760618034447,
      "lastbegal": 1760618034447,
      "lastrampok": 1760618034447
    },
    "6281517019721@s.whatsapp.net": {
      "vip": false,
      "ban": false,
      "afkTime": -1,
      "afkReason": "",
      "register": false,
      "limit": 16,
      "money": 10000,
      "lastclaim": 1760618036826,
      "lastbegal": 1760618036826,
      "lastrampok": 1760618036826
    },
    "6285693437259@s.whatsapp.net": {
      "vip": false,
      "ban": false,
      "afkTime": -1,
      "afkReason": "",
      "register": false,
      "limit": 20,
      "money": 10000,
      "lastclaim": 1760618088244,
      "lastbegal": 1760618088244,
      "lastrampok": 1760618088244
    },
    "62895352526063@s.whatsapp.net": {
      "vip": false,
      "ban": false,
      "afkTime": -1,
      "afkReason": "",
      "register": false,
      "limit": 17,
      "money": 10000,
      "lastclaim": 1760618275704,
      "lastbegal": 1760618275704,
      "lastrampok": 1760618275704
    },
    "6282184331842@s.whatsapp.net": {
      "vip": false,
      "ban": false,
      "afkTime": -1,
      "afkReason": "",
      "register": false,
      "limit": 18,
      "money": 10000,
      "lastclaim": 1760618360027,
      "lastbegal": 1760618360027,
      "lastrampok": 1760618360027
    },
    "6282227739576@s.whatsapp.net": {
      "vip": false,
      "ban": false,
      "afkTime": -1,
      "afkReason": "",
      "register": false,
      "limit": 20,
      "money": 10000,
      "lastclaim": 1760618423394,
      "lastbegal": 1760618423394,
      "lastrampok": 1760618423394
    },
    "6282180385882@s.whatsapp.net": {
      "vip": false,
      "ban": false,
      "afkTime": -1,
      "afkReason": "",
      "register": false,
      "limit": 19,
      "money": 10000,
      "lastclaim": 1760618465541,
      "lastbegal": 1760618465541,
      "lastrampok": 1760618465541
    },
    "6281515408842@s.whatsapp.net": {
      "vip": false,
      "ban": false,
      "afkTime": -1,
      "afkReason": "",
      "register": false,
      "limit": 20,
      "money": 10000,
      "lastclaim": 1760618487234,
      "lastbegal": 1760618487234,
      "lastrampok": 1760618487234
    },
    "6285729855435@s.whatsapp.net": {
      "vip": false,
      "ban": false,
      "afkTime": -1,
      "afkReason": "",
      "register": false,
      "limit": 20,
      "money": 10000,
      "lastclaim": 1760618713243,
      "lastbegal": 1760618713243,
      "lastrampok": 1760618713243
    },
    "6283899716762@s.whatsapp.net": {
      "vip": false,
      "ban": false,
      "afkTime": -1,
      "afkReason": "",
      "register": false,
      "limit": 20,
      "money": 10000,
      "lastclaim": 1760618760704,
      "lastbegal": 1760618760704,
      "lastrampok": 1760618760704
    },
    "6289517866200@s.whatsapp.net": {
      "vip": false,
      "ban": false,
      "afkTime": -1,
      "afkReason": "",
      "register": false,
      "limit": 19,
      "money": 10000,
      "lastclaim": 1760618842488,
      "lastbegal": 1760618842488,
      "lastrampok": 1760618842488
    },
    "60142879155@s.whatsapp.net": {
      "vip": false,
      "ban": false,
      "afkTime": -1,
      "afkReason": "",
      "register": false,
      "limit": 19,
      "money": 10000,
      "lastclaim": 1760618870340,
      "lastbegal": 1760618870340,
      "lastrampok": 1760618870340
    },
    "6281266118827@s.whatsapp.net": {
      "vip": false,
      "ban": false,
      "afkTime": -1,
      "afkReason": "",
      "register": false,
      "limit": 20,
      "money": 10000,
      "lastclaim": 1760618890106,
      "lastbegal": 1760618890106,
      "lastrampok": 1760618890106
    },
    "6285119151059@s.whatsapp.net": {
      "vip": false,
      "ban": false,
      "afkTime": -1,
      "afkReason": "",
      "register": false,
      "limit": 18,
      "money": 10000,
      "lastclaim": 1760619089139,
      "lastbegal": 1760619089139,
      "lastrampok": 1760619089139
    },
    "6282185080361@s.whatsapp.net": {
      "vip": false,
      "ban": false,
      "afkTime": -1,
      "afkReason": "",
      "register": false,
      "limit": 19,
      "money": 10000,
      "lastclaim": 1760619107397,
      "lastbegal": 1760619107397,
      "lastrampok": 1760619107397
    },
    "157630165155963@lid": {
      "vip": false,
      "ban": false,
      "afkTime": -1,
      "afkReason": "",
      "register": false,
      "limit": 20,
      "money": 10000,
      "lastclaim": 1760619130860,
      "lastbegal": 1760619130860,
      "lastrampok": 1760619130860
    },
    "6283850565538@s.whatsapp.net": {
      "vip": false,
      "ban": false,
      "afkTime": -1,
      "afkReason": "",
      "register": false,
      "limit": 20,
      "money": 10000,
      "lastclaim": 1760619154131,
      "lastbegal": 1760619154131,
      "lastrampok": 1760619154131
    },
    "6283839054600@s.whatsapp.net": {
      "vip": false,
      "ban": false,
      "afkTime": -1,
      "afkReason": "",
      "register": false,
      "limit": 20,
      "money": 10000,
      "lastclaim": 1760619706927,
      "lastbegal": 1760619706927,
      "lastrampok": 1760619706927
    },
    "559285448042@s.whatsapp.net": {
      "vip": false,
      "ban": false,
      "afkTime": -1,
      "afkReason": "",
      "register": false,
      "limit": 20,
      "money": 10000,
      "lastclaim": 1760620092271,
      "lastbegal": 1760620092271,
      "lastrampok": 1760620092271
    },
    "6283186673182@s.whatsapp.net": {
      "vip": false,
      "ban": false,
      "afkTime": -1,
      "afkReason": "",
      "register": false,
      "limit": 20,
      "money": 10000,
      "lastclaim": 1760620289463,
      "lastbegal": 1760620289463,
      "lastrampok": 1760620289463
    }
  },
  "game": {
    "suit": {},
    "chess": {},
    "chat_ai": {},
    "menfes": {},
    "tekateki": {},
    "akinator": {},
    "tictactoe": {},
    "tebaklirik": {},
    "kuismath": {},
    "blackjack": {},
    "tebaklagu": {},
    "tebakkata": {},
    "family100": {},
    "susunkata": {},
    "tebakbom": {},
    "ulartangga": {},
    "tebakkimia": {},
    "caklontong": {},
    "tebakangka": {},
    "tebaknegara": {},
    "tebakgambar": {},
    "tebakbendera": {}
  },
  "groups": {
    "120363418897719487@g.us": {
      "url": "",
      "text": {},
      "warn": {},
      "tagsw": {},
      "nsfw": false,
      "mute": false,
      "leave": false,
      "setinfo": false,
      "antilink": false,
      "demote": false,
      "antitoxic": false,
      "promote": false,
      "welcome": false,
      "antivirtex": false,
      "antitagsw": false,
      "antidelete": false,
      "antihidetag": false,
      "waktusholat": false
    },
    "120363364308318465@g.us": {
      "url": "",
      "text": {},
      "warn": {},
      "tagsw": {},
      "nsfw": false,
      "mute": false,
      "leave": false,
      "setinfo": false,
      "antilink": false,
      "demote": false,
      "antitoxic": false,
      "promote": false,
      "welcome": false,
      "antivirtex": false,
      "antitagsw": false,
      "antidelete": false,
      "antihidetag": false,
      "waktusholat": false
    },
    "120363366492403962@g.us": {
      "url": "",
      "text": {},
      "warn": {},
      "tagsw": {},
      "nsfw": false,
      "mute": false,
      "leave": false,
      "setinfo": false,
      "antilink": false,
      "demote": false,
      "antitoxic": false,
      "promote": false,
      "welcome": false,
      "antivirtex": false,
      "antitagsw": false,
      "antidelete": false,
      "antihidetag": false,
      "waktusholat": false
    },
    "120363310482195770@g.us": {
      "url": "",
      "text": {},
      "warn": {},
      "tagsw": {},
      "nsfw": false,
      "mute": false,
      "leave": false,
      "setinfo": false,
      "antilink": false,
      "demote": false,
      "antitoxic": false,
      "promote": false,
      "welcome": false,
      "antivirtex": false,
      "antitagsw": false,
      "antidelete": false,
      "antihidetag": false,
      "waktusholat": false
    },
    "120363420063443735@g.us": {
      "url": "",
      "text": {},
      "warn": {},
      "tagsw": {},
      "nsfw": false,
      "mute": false,
      "leave": false,
      "setinfo": false,
      "antilink": false,
      "demote": false,
      "antitoxic": false,
      "promote": false,
      "welcome": false,
      "antivirtex": false,
      "antitagsw": false,
      "antidelete": false,
      "antihidetag": false,
      "waktusholat": false
    },
    "120363417842604695@g.us": {
      "url": "",
      "text": {
        "setwelcome": "Halo Kak @ selamat Datang Di Grub kami\n\n────────꩜⋆⋅☆⋅⋆ ꩜─────── \n꩜ 𝐖𝐞𝐥𝐥𝐜𝐨𝐦𝐞 𝐭𝐨 𝕯𝖗𝖊𝖆𝖒 𝕮𝖆𝖙𝖈𝖍𝖊𝖗𝖘\n\nજ⁀➴ 𝖓𝖆𝖒𝖆 :\nજ⁀➴ 𝖆𝖘𝖐𝖔𝖙 :\nજ⁀➴ 𝖚𝖒𝖚𝖗 :\nજ⁀➴ 𝖍𝖔𝖇𝖇𝖞 :\n૮₍´˶• . • ⑅ ₎ა ✦ 𝓫𝓮𝓽𝓪𝓱 𝓭𝓲𝓼𝓲𝓷𝓲𝓲 𝔂𝔂𝓪𝓪 -!!\n────────꩜⋆⋅☆⋅⋆ ꩜───────"
      },
      "warn": {},
      "tagsw": {},
      "nsfw": false,
      "mute": false,
      "leave": true,
      "setinfo": true,
      "antilink": true,
      "demote": false,
      "antitoxic": false,
      "promote": false,
      "welcome": true,
      "antivirtex": true,
      "antitagsw": true,
      "antidelete": false,
      "antihidetag": false,
      "waktusholat": true
    },
    "120363401638560454@g.us": {
      "url": "",
      "text": {},
      "warn": {},
      "tagsw": {},
      "nsfw": false,
      "mute": false,
      "leave": false,
      "setinfo": false,
      "antilink": false,
      "demote": false,
      "antitoxic": false,
      "promote": false,
      "welcome": false,
      "antivirtex": false,
      "antitagsw": false,
      "antidelete": false,
      "antihidetag": false,
      "waktusholat": false
    },
    "120363198691979061@g.us": {
      "url": "",
      "text": {},
      "warn": {},
      "tagsw": {},
      "nsfw": false,
      "mute": false,
      "leave": true,
      "setinfo": false,
      "antilink": false,
      "demote": false,
      "antitoxic": false,
      "promote": false,
      "welcome": true,
      "antivirtex": false,
      "antitagsw": false,
      "antidelete": false,
      "antihidetag": false,
      "waktusholat": false
    },
    "120363420619058856@g.us": {
      "url": "",
      "text": {
        "setwelcome": "https://chat.whatsapp.com/Ghyx7HGvjhVA2f86nGvK71?mode=wwc",
        "setleave": "https://chat.whatsapp.com/Ghyx7HGvjhVA2f86nGvK71?mode=wwc"
      },
      "warn": {},
      "tagsw": {},
      "nsfw": false,
      "mute": false,
      "leave": true,
      "setinfo": false,
      "antilink": false,
      "demote": false,
      "antitoxic": false,
      "promote": false,
      "welcome": true,
      "antivirtex": false,
      "antitagsw": false,
      "antidelete": false,
      "antihidetag": false,
      "waktusholat": false
    },
    "120363401102893430@g.us": {
      "url": "",
      "text": {},
      "warn": {},
      "tagsw": {},
      "nsfw": false,
      "mute": false,
      "leave": true,
      "setinfo": false,
      "antilink": false,
      "demote": false,
      "antitoxic": false,
      "promote": false,
      "welcome": true,
      "antivirtex": false,
      "antitagsw": false,
      "antidelete": false,
      "antihidetag": false,
      "waktusholat": false
    },
    "120363402330927551@g.us": {
      "url": "",
      "text": {},
      "warn": {},
      "tagsw": {},
      "nsfw": false,
      "mute": false,
      "leave": true,
      "setinfo": false,
      "antilink": true,
      "demote": false,
      "antitoxic": false,
      "promote": false,
      "welcome": true,
      "antivirtex": false,
      "antitagsw": false,
      "antidelete": false,
      "antihidetag": false,
      "waktusholat": false
    }
  },
  "database": {},
  "premium": [],
  "sewa": [
    {
      "id": "120363198691979061@g.us",
      "expired": 1855648515852,
      "url": "EApQZ65s9wF1UG5nD6Pinm",
      "subject": "Naze",
      "subjectOwner": "6282113821188@s.whatsapp.net",
      "subjectTime": 1717367235,
      "size": 798,
      "creation": 1698904695,
      "owner": "6282113821188@s.whatsapp.net",
      "desc": "*❗[ Rules Group ]*\n- Jangan kirim 18+\n- Siapapun boleh join\n- Terserah mau ngapain\n- Jangan spam bot woy\n- Yg Main hidetag/tagall/call siap² kick\n- Pesan Sementara Aktif. Akan hapus otomatis setiap 24 jam ( harap klik simpan untuk menyimpan media )\n- Kirim 18+ ? Kick. Selain yg tertera ? admin mencoba Sigma\n- Jangan Percaya Anak JB yg promosi disini ⁉️Penipuan\n\n🎁 *Link Group :* https://chat.whatsapp.com/EApQZ65s9wF1UG5nD6Pinm\n\n🎏 *Link Sc :*\nhttps://github.com/nazedev/hitori\n(Download zip? Klik tombol hijau > download zip)\n\n🔖 Tanya Tentang Sc hitori? Wa admin utama saja (wa.me/6282113821188)",
      "descId": "C9830D62620A7BAF3A3D4F8B152F4D6E",
      "descOwner": "6282113821188@s.whatsapp.net",
      "descTime": 1753960065,
      "restrict": false,
      "announce": false,
      "isCommunity": false,
      "isCommunityAnnounce": false,
      "joinApprovalMode": false,
      "memberAddMode": false,
      "participants": [
        {
          "id": "6282113821188@s.whatsapp.net",
          "jid": "6282113821188@s.whatsapp.net",
          "lid": "6282113821188@s.whatsapp.net",
          "admin": "superadmin"
        },
        {
          "id": "6285134012822@s.whatsapp.net",
          "jid": "6285134012822@s.whatsapp.net",
          "lid": "6285134012822@s.whatsapp.net",
          "admin": null
        }
      ]
    }
  ],
  "cases": [
    "19rujxl1e",
    "shutdown",
    "off",
    "setbio",
    "setppbot",
    "delppbot",
    "join",
    "leave",
    "clearchat",
    "getmsgstore",
    "storemsg",
    "blokir",
    "block",
    "listblock",
    "openblokir",
    "unblokir",
    "openblock",
    "unblock",
    "ban",
    "banned",
    "unban",
    "unbanned",
    "mute",
    "unmute",
    "addowner",
    "delowner",
    "adduang",
    "addmoney",
    "addlimit",
    "listpc",
    "listgc",
    "creategc",
    "buatgc",
    "addsewa",
    "sewa",
    "delsewa",
    "listsewa",
    "addpr",
    "addprem",
    "addpremium",
    "delpr",
    "delprem",
    "delpremium",
    "listpr",
    "listprem",
    "listpremium",
    "upsw",
    "addcase",
    "19rujxl1e",
    "getcase",
    "delcase",
    "backup",
    "all",
    "auto",
    "session",
    "database",
    "getsession",
    "deletesession",
    "delsession",
    "deletesampah",
    "delsampah",
    "setnamebot",
    "setbotname",
    "setpacknamebot",
    "setbotpackname",
    "setauthorbot",
    "setbotauthor",
    "sc",
    "script",
    "donasi",
    "donate",
    "add",
    "kick",
    "dor",
    "promote",
    "demote",
    "warn",
    "warning",
    "unwarn",
    "delwarn",
    "unwarning",
    "delwarning",
    "setname",
    "setnamegc",
    "setsubject",
    "setsubjectgc",
    "setdesc",
    "setdescgc",
    "setdesk",
    "setdeskgc",
    "setppgroups",
    "setppgrup",
    "setppgc",
    "delete",
    "del",
    "d",
    "pin",
    "unpin",
    "linkgroup",
    "linkgrup",
    "linkgc",
    "urlgroup",
    "urlgrup",
    "urlgc",
    "revoke",
    "newlink",
    "newurl",
    "group",
    "grup",
    "gc",
    "close",
    "open",
    "join",
    "pesansementara",
    "disappearing",
    "antilink",
    "antivirtex",
    "antidelete",
    "welcome",
    "antitoxic",
    "waktusholat",
    "nsfw",
    "antihidetag",
    "setinfo",
    "antitagsw",
    "leave",
    "promote",
    "demote",
    "setwelcome",
    "setleave",
    "setpromote",
    "setdemote",
    "tagall",
    "hidetag",
    "h",
    "totag",
    "listonline",
    "liston",
    "owner",
    "listowner",
    "profile",
    "cek",
    "leaderboard",
    "totalpesan",
    "req",
    "request",
    "totalfitur",
    "/g) || []).length\r\n\t\t\t\tm.reply(`Total Fitur : ${total}`);\r\n\t\t\t}\r\n\t\t\tbreak\r\n\t\t\tcase ",
    "claim",
    "transfer",
    "tf",
    "buy",
    "react",
    "tagme",
    "runtime",
    "tes",
    "bot",
    "mode",
    "public",
    "self",
    "anticall",
    "autobio",
    "autoread",
    "autotyping",
    "readsw",
    "multiprefix",
    "antispam",
    "set",
    "settings",
    "ping",
    "botstatus",
    "statusbot",
    "speedtest",
    "speed",
    "afk",
    "readviewonce",
    "readviewone",
    "rvo",
    "inspect",
    "addmsg",
    "delmsg",
    "deletemsg",
    "getmsg",
    "listmsg",
    "setcmd",
    "addcmd",
    "delcmd",
    "listcmd",
    "lockcmd",
    "unlockcmd",
    "q",
    "quoted",
    "confes",
    "confess",
    "menfes",
    "menfess",
    "delconfes",
    "delconfess",
    "delmenfes",
    "delmenfess",
    "cai",
    "roomai",
    "chatai",
    "autoai",
    "delcai",
    "delroomai",
    "delchatai",
    "delautoai",
    "jadibot",
    "stopjadibot",
    "deljadibot",
    "listjadibot",
    "fetch",
    "get",
    "toaud",
    "toaudio",
    "tomp3",
    "tovn",
    "toptt",
    "tovoice",
    "togif",
    "toimage",
    "toimg",
    "toptv",
    "tourl",
    "texttospech",
    "tts",
    "tospech",
    "translate",
    "tr",
    "toqr",
    "qr",
    "tohd",
    "remini",
    "hd",
    "dehaze",
    "colorize",
    "colorfull",
    "hitamkan",
    "toblack",
    "ssweb",
    "readmore",
    "getexif",
    "cuaca",
    "weather",
    "sticker",
    "stiker",
    "s",
    "stickergif",
    "stikergif",
    "sgif",
    "stickerwm",
    "swm",
    "curi",
    "colong",
    "take",
    "stickergifwm",
    "sgifwm",
    "smeme",
    "stickmeme",
    "stikmeme",
    "stickermeme",
    "stikermeme",
    "emojimix",
    "qc",
    "quote",
    "fakechat",
    "brat",
    "bratvid",
    "bratvideo",
    "wasted",
    "trigger",
    "triggered",
    "nulis",
    "nuliskiri",
    "nuliskanan",
    "foliokiri",
    "foliokanan",
    "bass",
    "blown",
    "deep",
    "earrape",
    "fast",
    "fat",
    "nightcore",
    "reverse",
    "robot",
    "slow",
    "smooth",
    "tupai",
    "tinyurl",
    "shorturl",
    "shortlink",
    "git",
    "gitclone",
    "ai",
    "simi",
    "bard",
    "gemini",
    "aiedit",
    "google",
    "gimage",
    "bingimg",
    "yts",
    "ytsearch",
    "youtubesearch",
    "play",
    "ytplay",
    "pixiv",
    "pinterest",
    "pint",
    "wallpaper",
    "ringtone",
    "npm",
    "npmjs",
    "style",
    "spotify",
    "spotifysearch",
    "tenor",
    "urban",
    "igstalk",
    "instagramstalk",
    "wastalk",
    "whatsappstalk",
    "telestalk",
    "telegramstalk",
    "tiktokstalk",
    "ttstalk",
    "genshinstalk",
    "gistalk",
    "ghstalk",
    "githubstalk",
    "ytmp3",
    "ytaudio",
    "ytplayaudio",
    "ytmp4",
    "ytvideo",
    "ytplayvideo",
    "ig",
    "instagram",
    "instadl",
    "igdown",
    "igdl",
    "igstory",
    "instagramstory",
    "instastory",
    "storyig",
    "tiktok",
    "tiktokdown",
    "ttdown",
    "ttdl",
    "tt",
    "ttmp4",
    "ttvideo",
    "tiktokmp4",
    "tiktokvideo",
    "ttmp3",
    "tiktokmp3",
    "ttaudio",
    "tiktokaudio",
    "fb",
    "fbdl",
    "fbdown",
    "facebook",
    "facebookdl",
    "facebookdown",
    "fbdownload",
    "fbmp4",
    "fbvideo",
    "mf",
    "mediafire",
    "spotifydl",
    "motivasi",
    "bijak",
    "dare",
    "quotes",
    "truth",
    "renungan",
    "bucin",
    "coffe",
    "kopi",
    "waifu",
    "neko",
    "dadu",
    "halah",
    "hilih",
    "huluh",
    "heleh",
    "holoh",
    "bisakah",
    "apakah",
    "kapan",
    "kapankah",
    "siapa",
    "siapakah",
    "tanyakerang",
    "kerangajaib",
    "kerang",
    "cekmati",
    "ceksifat",
    "cekkhodam",
    "rate",
    "nilai",
    "jodohku",
    "jadian",
    "fitnah",
    "coba",
    "slot",
    "casino",
    "samgong",
    "kartu",
    "rampok",
    "merampok",
    "begal",
    "suitpvp",
    "suit",
    "delsuit",
    "deletesuit",
    "ttc",
    "ttt",
    "tictactoe",
    "delttc",
    "delttt",
    "akinator",
    "tebakbom",
    "tekateki",
    "tebaklirik",
    "tebakkata",
    "family100",
    "susunkata",
    "tebakkimia",
    "caklontong",
    "tebaknegara",
    "tebakgambar",
    "tebakbendera",
    "tebakangka",
    "butawarna",
    "colorblind",
    "kuismath",
    "math",
    "ulartangga",
    "snakeladder",
    "ut",
    "create",
    "join",
    "start",
    "leave",
    "end",
    "chess",
    "catur",
    "ct",
    "start",
    "join",
    "end",
    "leave",
    "bot",
    "computer",
    "blackjack",
    "bj",
    "create",
    "join",
    "start",
    "hit",
    "minum",
    "play",
    "info",
    "end",
    "menu",
    "allmenu",
    "botmenu",
    "groupmenu",
    "searchmenu",
    "downloadmenu",
    "quotesmenu",
    "toolsmenu",
    "aimenu",
    "randommenu",
    "stalkermenu",
    "panelmenu",
    "animemenu",
    "gamemenu",
    "funmenu",
    "1gb",
    "2gb",
    "3gb",
    "4gb",
    "5gb",
    "6gb",
    "7gb",
    "8gb",
    "9gb",
    "10gb",
    "unlimited",
    "unli",
    "listusr",
    "delsrv",
    "createadmin",
    "delusr",
    "ownermenu"
  ]
}